,confidence,Incumbent Supplier,Receiving Plant,Receiving Plant City,Receiving Plant State,Receiving Plant Zip Code,Total Amount,Invoice,Equipment Type,Qty,Amount,Usage in Hours,Hourly,Daily,Weekly,Monthly,Hours In,Hours Out
0,0.992,"H&K Equipment, Inc.",USX Corporation,West Mifflin,PA,15122,"5,500.00",1PS111797,Tow Tractor SN: 38674,1,"5,500.00",,,,,,,
1,0.987,"H&K Equipment, Inc.",USX Corporation,West Mifflin,PA,15122,"5,500.00",1PS122145,Tow Tractor SN: 38674,1,"5,500.00",,,,,,,
2,0.987,"H&K Equipment, Inc.",Usx Corporation - Irvin Works,Dravosburg,PA,15034,"2,275.00",1PS109604,I.C. 12 K Pneu,1,"2,275.00",,,,,,,
3,0.992,"H&K Equipment, Inc.",Usx/Central Maintenance,Dravosburg,PA,15034,"2,450.00",1PS125326,IC 12K lift Truck,1,"2,450.00",,,,,,,
4,0.992,"H&K Equipment, Inc.",Usx Corporation- Irvin Works,Dravosburg,PA,15034,"1,600.00",1PS112482,I.C. 8K Pneu Die,1,"1,600.00",,,,,,,
5,0.997,"H&K Equipment, Inc.",USX Corporation ET works,Braddock,PA,15104,"7,540.00",1PS115736,Telehandler,1,"7,540.00",,,,,,,
6,0.987,"H&K Equipment, Inc.",Usx Corporation - Irvin Works,Dravosburg,PA,15034,"1,800.00",1PS119088,IC Pneu 7k Die Forklift,1,"1,800.00",,,,,,,
7,0.997,"H&K Equipment, Inc.",USX Corporation,West Mifflin,PA,15122,"7,500.00",1PS120974,Wheel Loader,1,"7,500.00",,,,,,,
8,0.992,"H&K Equipment, Inc.",USX Corp. - ET Works,Braddock,PA,15104,436.4,1PS110954,Utility Cart,1,436.4,,,,,,,
9,0.992,"H&K Equipment, Inc.",Usx Corporation - Irvin Works,Dravosburg,PA,15034,"2,275.00",1PS107466,I.C. 12 K Pneu,1,"2,275.00",,,,,,,
10,0.997,"H&K Equipment, Inc.",USX Corporation ET works,Braddock,PA,15104,"7,540.00",1PS122547,Telehandler,1,"7,540.00",,,,,,,
11,0.997,"H&K Equipment, Inc.",Usx/Central Maintenance,Dravosburg,PA,15034,"2,450.00",1PS116186,IC 12K lift Truck,1,"2,450.00",,,,,,,
12,0.997,"H&K Equipment, Inc.",USX Corp. - ET Works,Braddock,PA,15104,"1,950.00",1PS107792,I.C. 8K Pneu Die,1,"1,950.00",,,,,,,
13,0.987,"H&K Equipment, Inc.",United States Steel Corp.,West Mifflin,PA,15122,"15,000.00",1PS120150,Reach Stacker w/3 hook beam /,1,"15,000.00",,,,,,,
14,0.987,"H&K Equipment, Inc.",United States Steel Corp.,West Mifflin,PA,15122,"15,000.00",1PS108526,Reach Stacker / SN#: 43563 (W,1,"15,000.00",,,,,,,
15,0.987,"H&K Equipment, Inc.",USX Corporation Irvin Works,West Mifflin,PA,15122,689,1PS120950,Diesel Utility Vehicle,1,689,,,,,,,
16,0.997,"H&K Equipment, Inc.",USX Corporation,West Mifflin,PA,15122,"7,500.00",1PS126825,Wheel Loader,1,"7,500.00",,,,,,,
17,0.987,"H&K Equipment, Inc.",USX Corp. - ET Works,Braddock,PA,15104,"9,455.00",1PS126077,Open Top Hopper Car,1,877.96,,,,,,,
18,0.987,"H&K Equipment, Inc.",USX Corp. - ET Works,Braddock,PA,15104,"9,455.00",1PS126077,Open Top Hopper Car,1,877.96,,,,,,,
19,0.987,"H&K Equipment, Inc.",USX Corp. - ET Works,Braddock,PA,15104,"9,455.00",1PS126077,Open Top Hopper Car,1,877.96,,,,,,,
20,0.987,"H&K Equipment, Inc.",USX Corp. - ET Works,Braddock,PA,15104,"9,455.00",1PS126077,Open Top Hopper Car,1,877.96,,,,,,,
21,0.987,"H&K Equipment, Inc.",USX Corp. - ET Works,Braddock,PA,15104,"9,455.00",1PS126077,Open Top Hopper Car,1,877.96,,,,,,,
22,0.987,"H&K Equipment, Inc.",USX Corp. - ET Works,Braddock,PA,15104,"9,455.00",1PS126077,Open Top Hopper Car,1,877.96,,,,,,,
23,0.987,"H&K Equipment, Inc.",USX Corp. - ET Works,Braddock,PA,15104,"9,455.00",1PS126077,Open Top Hopper Car,1,877.96,,,,,,,
24,0.987,"H&K Equipment, Inc.",USX Corp. - ET Works,Braddock,PA,15104,"9,455.00",1PS126077,Open Top Hopper Car,1,"1,103.09",,,,,,,
25,0.987,"H&K Equipment, Inc.",USX Corp. - ET Works,Braddock,PA,15104,"9,455.00",1PS126077,Open Top Hopper Car,1,"1,103.09",,,,,,,
26,0.987,"H&K Equipment, Inc.",USX Corp. - ET Works,Braddock,PA,15104,"9,455.00",1PS126077,Open Top Hopper Car,1,"1,103.10",,,,,,,
27,0.987,"H&K Equipment, Inc.",Usx Corporation - Irvin Works,Dravosburg,PA,15034,"1,800.00",1PS123755,IC Pneu 7k Die Forklift,1,"1,800.00",,,,,,,
28,0.987,"H&K Equipment, Inc.",United States Steel Corp.,West Mifflin,PA,15122,"15,000.00",1PS116753,Reach,1,"15,000.00",,,,,,,
29,0.997,"H&K Equipment, Inc.",United States Steel Corp.,West Mifflin,PA,15122,"1,350.00",1PS111088,I.C. 8K Pneu Die,1,"1,350.00",,,,,,,
30,0.997,"H&K Equipment, Inc.",United States Steel,Braddock,PA,15104,"1,400.00",1PS113965,IC Pneu 7K lbs forklift Die,1,"1,400.00",,,,,,,
31,0.987,"H&K Equipment, Inc.",USX Corporation Irvin Works,West Mifflin,PA,15122,710.6,1PS121500,Payloader Burden Carrier Long,1,710.6,,,,,,,
32,0.997,"H&K Equipment, Inc.",United States Steel Corp.,West Mifflin,PA,15122,"1,350.00",1PS113424,I.C. 8K Pneu Die,1,"1,350.00",,,,,,,
33,0.997,"H&K Equipment, Inc.",USX Corporation,West Mifflin,PA,15122,"7,500.00",1PS112744,Wheel Loader,1,"7,500.00",,,,,,,
34,0.987,"H&K Equipment, Inc.",Usx Corporation - Irvin Works,Dravosburg,PA,15034,"1,800.00",1PS121365,IC Pneu 7k Die Forklift,1,"1,800.00",,,,,,,
35,0.997,"H&K Equipment, Inc.",USX Corporation-Irvin Works,West Mifflin,PA,15122,"5,800.00",1PS113240,Tow Tractor SN: 38581,1,"5,800.00",,,,,,,
36,0.987,"H&K Equipment, Inc.",USX Corp. - ET Works,Braddock,PA,15104,436.4,1PS117933,Utility Cart,1,436.4,,,,,,,
37,0.997,"H&K Equipment, Inc.",United States Steel,Braddock,PA,15104,"1,400.00",1PS119758,IC Pneu 7K lbs forklift Die,1,"1,400.00",,,,,,,
38,0.987,"H&K Equipment, Inc.",Usx Corp - Gary Works,Gary,IN,46402,"17,000.00",1PS108939,GOING ON RENT TO USS GARY WORK,1,"8,500.00",,,,,,,
39,0.987,"H&K Equipment, Inc.",Usx Corp - Gary Works,Gary,IN,46402,"17,000.00",1PS108939,GOING ON RENT USS GARY,1,"8,500.00",,,,,,,
40,0.987,"H&K Equipment, Inc.",Usx Corporation - Irvin Works,Dravosburg,PA,15034,"1,800.00",1PS117977,IC Pneu 7k Die Forklift,1,"1,800.00",,,,,,,
41,0.987,"H&K Equipment, Inc.",USX Corp. - ET Works,Braddock,PA,15104,"9,455.00",1PS108599,Reach Stacker / SN#: 43563 (W,1,"15,000.00",,,,,,,
42,0.987,"H&K Equipment, Inc.",USX Corp. - ET Works,Braddock,PA,15104,"9,455.00",1PS108599,Tow Tractor SN: 38581,1,"5,800.00",,,,,,,
43,0.987,"H&K Equipment, Inc.",USX Corp. - ET Works,Braddock,PA,15104,"9,455.00",1PS108599,Reach Stacker w/3 hook beam /,1 1,"15,000.00",,,,,,,
44,0.987,"H&K Equipment, Inc.",USX Corp. - ET Works,Braddock,PA,15104,"9,455.00",1PS108599,Open Top Hopper Car,1,877.96,,,,,,,
45,0.987,"H&K Equipment, Inc.",USX Corp. - ET Works,Braddock,PA,15104,"9,455.00",1PS108599,Open Top Hopper Car,1,877.96,,,,,,,
46,0.987,"H&K Equipment, Inc.",USX Corp. - ET Works,Braddock,PA,15104,"9,455.00",1PS108599,Open Top Hopper Car,1,877.96,,,,,,,
47,0.987,"H&K Equipment, Inc.",USX Corp. - ET Works,Braddock,PA,15104,"9,455.00",1PS108599,Open Top Hopper Car,1,877.96,,,,,,,
48,0.987,"H&K Equipment, Inc.",USX Corp. - ET Works,Braddock,PA,15104,"9,455.00",1PS108599,Open Top Hopper Car,1,877.96,,,,,,,
49,0.987,"H&K Equipment, Inc.",USX Corp. - ET Works,Braddock,PA,15104,"9,455.00",1PS108599,Open Top Hopper Car,1,"4,389.80 877.96",,,,,,,
50,0.987,"H&K Equipment, Inc.",USX Corp. - ET Works,Braddock,PA,15104,"9,455.00",1PS108599,Open Top Hopper Car,1,877.96,,,,,,,
51,0.987,"H&K Equipment, Inc.",USX Corp. - ET Works,Braddock,PA,15104,"9,455.00",1PS108599,Open Top Hopper Car,1,"1,103.09",,,,,,,
52,0.987,"H&K Equipment, Inc.",USX Corp. - ET Works,Braddock,PA,15104,"9,455.00",1PS108599,Open Top Hopper Car,1,"1,103.09",,,,,,,
53,0.987,"H&K Equipment, Inc.",USX Corp. - ET Works,Braddock,PA,15104,"9,455.00",1PS108599,Open Top Hopper Car,1,"1,103.10",,,,,,,
54,0.997,"H&K Equipment, Inc.",USX Corporation-Irvin Works,West Mifflin,PA,15122,"5,800.00",1PS108561,Tow Tractor SN: 38581,1,"5,800.00",,,,,,,
55,0.987,"H&K Equipment, Inc.",United States Steel Corp.,West Mifflin,PA,15122,"15,000.00",1PS109718,Reach Stacker w/3 hook beam /,1,"15,000.00",,,,,,,
56,0.987,"H&K Equipment, Inc.",United States Steel Corp.,West Mifflin,PA,15122,"15,000.00",1PS114467,Reach Stacker w/3 hook beam /,1,"15,000.00",,,,,,,
57,0.997,"H&K Equipment, Inc.",Usx Corporation- Irvin Works,Dravosburg,PA,15034,"1,600.00",1PS108941,I.C. 8K Pneu Die,1,"1,600.00",,,,,,,
58,0.987,"H&K Equipment, Inc.",Usx Corporation - Irvin Works,Dravosburg,PA,15034,"2,275.00",1PS123529,I.C. 12 K Pneu,1,"2,275.00",,,,,,,
59,0.997,"H&K Equipment, Inc.",Usx/Central Maintenance,Dravosburg,PA,15034,"2,450.00",1PS114935,IC 12K lift Truck,1,"2,450.00",,,,,,,
60,0.987,"H&K Equipment, Inc.",Usx Corporation- Irvin Works,Dravosburg,PA,15034,"3,050.00",1PS124031,IC 12K Lift Truck,1,"2,450.00",,,,,,,
61,0.987,"H&K Equipment, Inc.",Usx Corporation- Irvin Works,Dravosburg,PA,15034,"3,050.00",1PS124031,Deliver & Pickup - Rental,1,600,,,,,,,
62,0.997,"H&K Equipment, Inc.",United States Steel,Braddock,PA,15104,"1,400.00",1PS123258,IC Pneu 7K lbs forklift Die,1,"1,400.00",,,,,,,
63,0.987,"H&K Equipment, Inc.",USX Corporation,West Mifflin,PA,15122,952,1PS124957,USX- Irvin,1,952,,,,,,,
64,0.997,"H&K Equipment, Inc.",USX Corporation ET works,Braddock,PA,15104,"7,540.00",1PS119122,Telehandler,1,"7,540.00",,,,,,,
65,0.997,"H&K Equipment, Inc.",USX Corporation,West Mifflin,PA,15122,"7,500.00",1PS118747,Wheel Loader,1,"7,500.00",,,,,,,
66,0.987,"H&K Equipment, Inc.",USX Corporation,West Mifflin,PA,15122,"5,500.00",1PS124641,Tow Tractor SN: 38674,1,"5,500.00",,,,,,,
67,0.987,"H&K Equipment, Inc.",USX Corporation Irvin Works,West Mifflin,PA,15122,710.6,1PS122559,Payloader Burden Carrier Long,1,710.6,,,,,,,
68,0.992,"H&K Equipment, Inc.",United States Steel Corp.,West Mifflin,PA,15122,"1,350.00",1PS123858,I.C. 8K Pneu Die,1,"1,350.00",,,,,,,
69,0.987,"H&K Equipment, Inc.",USX Corp. - ET Works,Braddock,PA,15104,436.4,1PS122469,Utility Cart,1,436.4,,,,,,,
70,0.992,"H&K Equipment, Inc.",Usx/Central Maintenance,Dravosburg,PA,15034,"2,450.00",1PS119525,IC 12K lift Truck,1,"2,450.00",,,,,,,
71,0.997,"H&K Equipment, Inc.",USX Corp. - ET Works,Braddock,PA,15104,"1,950.00",1PS111318,I.C. 8K Pneu Die,1,"1,950.00",,,,,,,
72,0.987,"H&K Equipment, Inc.",Usx Corporation - Irvin Works,Dravosburg,PA,15034,"2,275.00",1PS118806,I.C. 12 K Pneu,1,"2,275.00",,,,,,,
73,0.997,"H&K Equipment, Inc.",Usx Corporation - Irvin Works,Dravosburg,PA,15034,"2,275.00",1PS110692,I.C. 12 K Pneu,1,"2,275.00",,,,,,,
74,0.987,"H&K Equipment, Inc.",United States Steel Corp.,West Mifflin,PA,15122,"15,000.00",1PS126013,Reach Stacker / SN#: 43563 (W,1,"15,000.00",,,,,,,
75,0.987,"H&K Equipment, Inc.",United States Steel Corp.,West Mifflin,PA,15122,"15,000.00",1PS114433,Reach Stacker / SN#: 43563 (W,1,"15,000.00",,,,,,,
76,0.987,"H&K Equipment, Inc.",USX Corporation,West Mifflin,PA,15122,"5,500.00",1PS125725,Tow Tractor SN: 38674,1,"5,500.00",,,,,,,
77,0.987,"H&K Equipment, Inc.",Usx Corporation- Irvin Works,Dravosburg,PA,15034,"1,600.00",1PS121708,I.C. 8K Pneu Die,1,"1,600.00",,,,,,,
78,0.987,"H&K Equipment, Inc.",USX Corp. - ET Works,Braddock,PA,15104,"9,455.00",1PS121321,Open Top Hopper Car,1,877.96,,,,,,,
79,0.987,"H&K Equipment, Inc.",USX Corp. - ET Works,Braddock,PA,15104,"9,455.00",1PS121321,Open Top Hopper Car,1,877.96,,,,,,,
80,0.987,"H&K Equipment, Inc.",USX Corp. - ET Works,Braddock,PA,15104,"9,455.00",1PS121321,Open Top Hopper Car,1,877.96,,,,,,,
81,0.987,"H&K Equipment, Inc.",USX Corp. - ET Works,Braddock,PA,15104,"9,455.00",1PS121321,Open Top Hopper Car,1,877.96,,,,,,,
82,0.987,"H&K Equipment, Inc.",USX Corp. - ET Works,Braddock,PA,15104,"9,455.00",1PS121321,Open Top Hopper Car,1,877.96,,,,,,,
83,0.987,"H&K Equipment, Inc.",USX Corp. - ET Works,Braddock,PA,15104,"9,455.00",1PS121321,Open Top Hopper Car,1,877.96,,,,,,,
84,0.987,"H&K Equipment, Inc.",USX Corp. - ET Works,Braddock,PA,15104,"9,455.00",1PS121321,Open Top Hopper Car,1,877.96,,,,,,,
85,0.987,"H&K Equipment, Inc.",USX Corp. - ET Works,Braddock,PA,15104,"9,455.00",1PS121321,Open Top Hopper Car,1,"1,103.09",,,,,,,
86,0.987,"H&K Equipment, Inc.",USX Corp. - ET Works,Braddock,PA,15104,"9,455.00",1PS121321,Open Top Hopper Car,1,"1,103.09",,,,,,,
87,0.987,"H&K Equipment, Inc.",USX Corp. - ET Works,Braddock,PA,15104,"9,455.00",1PS121321,Open Top Hopper Car,1,"1,103.10",,,,,,,
88,0.992,"H&K Equipment, Inc.",USX Corporation,West Mifflin,PA,15122,"5,500.00",1PS116518,Tow Tractor SN: 38674,1,"5,500.00",,,,,,,
89,0.987,"H&K Equipment, Inc.",Usx Corporation - Irvin Works,Dravosburg,PA,15034,"2,275.00",1PS119948,I.C. 12 K Pneu,1,"2,275.00",,,,,,,
90,0.992,"H&K Equipment, Inc.",USX Corporation,West Mifflin,PA,15122,"5,500.00",1PS114226,Tow Tractor SN: 38674,1,"5,500.00",,,,,,,
91,0.997,"H&K Equipment, Inc.",USX Corporation ET works,Braddock,PA,15104,"7,540.00",1PS116926,Telehandler,1,"7,540.00",,,,,,,
92,0.997,"H&K Equipment, Inc.",USX Corporation ET works,Braddock,PA,15104,"7,540.00",1PS114572,Telehandler,1,"7,540.00",,,,,,,
93,0.992,"H&K Equipment, Inc.",Usx Corporation - Irvin Works,Dravosburg,PA,15034,"1,800.00",1PS115694,IC Pneu 7k Die Forklift,1,"1,800.00",,,,,,,
94,0.997,"H&K Equipment, Inc.",USX Corporation ET works,Braddock,PA,15104,"7,540.00",1PS124969,Telehandler,1,"7,540.00",,,,,,,
95,0.987,"H&K Equipment, Inc.",United States Steel Corp.,West Mifflin,PA,15122,"15,000.00",1PS121258,Reach Stacker / SN#: 43563 (W,1,"15,000.00",,,,,,,
96,0.987,"H&K Equipment, Inc.",USX Corp. - ET Works,Braddock,PA,15104,"9,455.00",1PS113274,Open Top Hopper Car,1,877.96,,,,,,,
97,0.987,"H&K Equipment, Inc.",USX Corp. - ET Works,Braddock,PA,15104,"9,455.00",1PS113274,Open Top Hopper Car,1,877.96,,,,,,,
98,0.987,"H&K Equipment, Inc.",USX Corp. - ET Works,Braddock,PA,15104,"9,455.00",1PS113274,Open Top Hopper Car,1,877.96,,,,,,,
99,0.987,"H&K Equipment, Inc.",USX Corp. - ET Works,Braddock,PA,15104,"9,455.00",1PS113274,Open Top Hopper Car,1,877.96,,,,,,,
100,0.987,"H&K Equipment, Inc.",USX Corp. - ET Works,Braddock,PA,15104,"9,455.00",1PS113274,Open Top Hopper Car,1,877.96,,,,,,,
101,0.987,"H&K Equipment, Inc.",USX Corp. - ET Works,Braddock,PA,15104,"9,455.00",1PS113274,Open Top Hopper Car,1,877.96,,,,,,,
102,0.987,"H&K Equipment, Inc.",USX Corp. - ET Works,Braddock,PA,15104,"9,455.00",1PS113274,Open Top Hopper Car,1,877.96,,,,,,,
103,0.987,"H&K Equipment, Inc.",USX Corp. - ET Works,Braddock,PA,15104,"9,455.00",1PS113274,Open Top Hopper Car,1,"1,103.09",,,,,,,
104,0.987,"H&K Equipment, Inc.",USX Corp. - ET Works,Braddock,PA,15104,"9,455.00",1PS113274,Open Top Hopper Car,1,"1,103.09",,,,,,,
105,0.987,"H&K Equipment, Inc.",USX Corp. - ET Works,Braddock,PA,15104,"9,455.00",1PS113274,Open Top Hopper Car,1,"1,103.10",,,,,,,
106,0.997,"H&K Equipment, Inc.",United States Steel Corp.,West Mifflin,PA,15122,"1,350.00",1PS109864,I.C. 8K Pneu Die,1,"1,350.00",,,,,,,
107,0.987,"H&K Equipment, Inc.",USX Corporation,West Mifflin,PA,15122,952,1PS126164,USX- Irvin,1,952,,,,,,,
108,0.992,"H&K Equipment, Inc.",USX Corporation,West Mifflin,PA,15122,"2,132.18",1PS124664,IC 10K Die Pneu Forklift,1,"2,132.18",,,,,,,
109,0.997,"H&K Equipment, Inc.",United States Steel,Braddock,PA,15104,"1,400.00",1PS116364,IC Pneu 7K lbs forklift Die,1,"1,400.00",,,,,,,
110,0.987,"H&K Equipment, Inc.",Usx Corp - Gary Works,Gary,IN,46402,"17,000.00",1PS110094,GOING ON RENT TO USS GARY WORK,1,"8,500.00",,,,,,,
111,0.987,"H&K Equipment, Inc.",Usx Corp - Gary Works,Gary,IN,46402,"17,000.00",1PS110094,GOING ON RENT USS GARY,1,"8,500.00",,,,,,,
112,0.987,"H&K Equipment, Inc.",United States Steel Corp.,West Mifflin,PA,15122,"15,000.00",1PS111992,Reach Stacker / SN#: 43563 (W,1,"15,000.00",,,,,,,
113,0.987,"H&K Equipment, Inc.",USX Corporation,West Mifflin,PA,15122,"3,962.80",1PS121867,Payloader Burden Carrier,1,990.7,,,,,,,
114,0.987,"H&K Equipment, Inc.",USX Corporation,West Mifflin,PA,15122,"3,962.80",1PS121867,Payloader Burden Carrier,1,990.7,,,,,,,
115,0.987,"H&K Equipment, Inc.",USX Corporation,West Mifflin,PA,15122,"3,962.80",1PS121867,Payloader Burden Carrier,1,990.7,,,,,,,
116,0.987,"H&K Equipment, Inc.",USX Corporation,West Mifflin,PA,15122,"3,962.80",1PS121867,Payloader Burden Carrier,1,990.7,,,,,,,
117,0.997,"H&K Equipment, Inc.",USX Corporation ET works,Braddock,PA,15104,"7,540.00",1PS123838,Telehandler,1,"7,540.00",,,,,,,
118,0.987,"H&K Equipment, Inc.",USX Corporation,West Mifflin,PA,15122,"5,500.00",1PS123507,Tow Tractor SN: 38674,1,"5,500.00",,,,,,,
119,0.997,"H&K Equipment, Inc.",USX Corp. - ET Works,Braddock,PA,15104,"1,950.00",1PS116027,I.C. 8K Pneu Die,1,"1,950.00",,,,,,,
120,0.987,"H&K Equipment, Inc.",USX Corp. - ET Works,Braddock,PA,15104,"9,455.00",1PS120180,Open Top Hopper Car,1,877.96,,,,,,,
121,0.987,"H&K Equipment, Inc.",USX Corp. - ET Works,Braddock,PA,15104,"9,455.00",1PS120180,Open Top Hopper Car,1,877.96,,,,,,,
122,0.987,"H&K Equipment, Inc.",USX Corp. - ET Works,Braddock,PA,15104,"9,455.00",1PS120180,Open Top Hopper Car,1,877.96,,,,,,,
123,0.987,"H&K Equipment, Inc.",USX Corp. - ET Works,Braddock,PA,15104,"9,455.00",1PS120180,Open Top Hopper Car,1,877.96,,,,,,,
124,0.987,"H&K Equipment, Inc.",USX Corp. - ET Works,Braddock,PA,15104,"9,455.00",1PS120180,Open Top Hopper Car,1,877.96,,,,,,,
125,0.987,"H&K Equipment, Inc.",USX Corp. - ET Works,Braddock,PA,15104,"9,455.00",1PS120180,Open Top Hopper Car,1,877.96,,,,,,,
126,0.987,"H&K Equipment, Inc.",USX Corp. - ET Works,Braddock,PA,15104,"9,455.00",1PS120180,Open Top Hopper Car,1,877.96,,,,,,,
127,0.987,"H&K Equipment, Inc.",USX Corp. - ET Works,Braddock,PA,15104,"9,455.00",1PS120180,Open Top Hopper Car,1,"1,103.09",,,,,,,
128,0.987,"H&K Equipment, Inc.",USX Corp. - ET Works,Braddock,PA,15104,"9,455.00",1PS120180,Open Top Hopper Car,1,"1,103.09",,,,,,,
129,0.987,"H&K Equipment, Inc.",USX Corp. - ET Works,Braddock,PA,15104,"9,455.00",1PS120180,Open Top Hopper Car,1,"1,103.10",,,,,,,
130,0.997,"H&K Equipment, Inc.",USX Corporation ET works,Braddock,PA,15104,"7,540.00",1PS120294,Telehandler,1,"7,540.00",,,,,,,
131,0.987,"H&K Equipment, Inc.",USX Corporation Irvin Works,West Mifflin,PA,15122,710.6,1PS126187,Payloader Burden Carrier Long,1,710.6,,,,,,,
132,0.997,"H&K Equipment, Inc.",Usx Corporation - Irvin Works,Dravosburg,PA,15034,"1,800.00",1PS111116,IC Pneu 7k Die Forklift,1,"1,800.00",,,,,,,
133,0.997,"H&K Equipment, Inc.",USX Corporation,West Mifflin,PA,15122,"7,500.00",1PS124495,Wheel Loader,1,"7,500.00",,,,,,,
134,0.997,"H&K Equipment, Inc.",United States Steel,Braddock,PA,15104,"1,400.00",1PS109320,IC Pneu 7K lbs forklift Die,1,"1,400.00",,,,,,,
135,0.997,"H&K Equipment, Inc.",USX Corp. - ET Works,Braddock,PA,15104,"1,950.00",1PS109101,I.C. 8K Pneu Die,1,"1,950.00",,,,,,,
136,0.987,"H&K Equipment, Inc.",USX Corporation Irvin Works,West Mifflin,PA,15122,689,1PS118661,Diesel Utility Vehicle,1,689,,,,,,,
137,0.987,"H&K Equipment, Inc.",United States Steel Corp.,West Mifflin,PA,15122,"15,000.00",1PS117904,Reach Stacker w/3 hook beam /,1,"15,000.00",,,,,,,
138,0.987,"H&K Equipment, Inc.",Usx Corporation - Irvin Works,Dravosburg,PA,15034,"2,275.00",1PS122172,I.C. 12 K Pneu,1,"2,275.00",,,,,,,
139,0.997,"H&K Equipment, Inc.",USX Corporation ET works,Braddock,PA,15104,"7,540.00",1PS107505,Telehandler,1,"7,540.00",,,,,,,
140,0.987,"H&K Equipment, Inc.",USX Corp. - ET Works,Braddock,PA,15104,436.4,1PS120177,Utility Cart,1,436.4,,,,,,,
141,0.992,"H&K Equipment, Inc.",United States Steel Corp.,West Mifflin,PA,15122,"1,350.00",1PS121431,I.C. 8K Pneu Die,1,"1,350.00",,,,,,,
142,0.987,"H&K Equipment, Inc.",United States Steel Corp.,West Mifflin,PA,15122,"15,000.00",1PS123651,Reach Stacker / SN#: 43563,1,"15,000.00",,,,,,,
143,0.997,"H&K Equipment, Inc.",USX Corporation,West Mifflin,PA,15122,"7,500.00",1PS116483,Wheel Loader,1,"7,500.00",,,,,,,
144,0.992,"H&K Equipment, Inc.",Usx/Central Maintenance,Dravosburg,PA,15034,"2,450.00",1PS120649,IC 12K lift Truck,1,"2,450.00",,,,,,,
145,0.997,"H&K Equipment, Inc.",United States Steel Corp.,West Mifflin,PA,15122,"1,350.00",1PS112250,I.C. 8K Pneu Die,1,"1,350.00",,,,,,,
146,0.997,"H&K Equipment, Inc.",United States Steel Corp.,West Mifflin,PA,15122,"1,350.00",1PS120316,I.C. 8K Pneu Die,1,"1,350.00",,,,,,,
147,0.987,"H&K Equipment, Inc.",Usx Corporation - Irvin Works,Dravosburg,PA,15034,"2,275.00",1PS124667,I.C. 12 K Pneu,1,"2,275.00",,,,,,,
148,0.987,"H&K Equipment, Inc.",USX Corporation Irvin Works,West Mifflin,PA,15122,689,1PS123294,Diesel Utility Vehicle,1,689,,,,,,,
149,0.992,"H&K Equipment, Inc.",USX Corp. - ET Works,Braddock,PA,15104,436.4,1PS109753,Utility Cart,1,436.4,,,,,,,
150,0.987,"H&K Equipment, Inc.",USX Corp. - ET Works,Braddock,PA,15104,"9,455.00",1PS122472,Open Top Hopper Car,1,877.96,,,,,,,
151,0.987,"H&K Equipment, Inc.",USX Corp. - ET Works,Braddock,PA,15104,"9,455.00",1PS122472,Open Top Hopper Car,1,877.96,,,,,,,
152,0.987,"H&K Equipment, Inc.",USX Corp. - ET Works,Braddock,PA,15104,"9,455.00",1PS122472,Open Top Hopper Car,1,877.96,,,,,,,
153,0.987,"H&K Equipment, Inc.",USX Corp. - ET Works,Braddock,PA,15104,"9,455.00",1PS122472,Open Top Hopper Car,1,877.96,,,,,,,
154,0.987,"H&K Equipment, Inc.",USX Corp. - ET Works,Braddock,PA,15104,"9,455.00",1PS122472,Open Top Hopper Car,1,877.96,,,,,,,
155,0.987,"H&K Equipment, Inc.",USX Corp. - ET Works,Braddock,PA,15104,"9,455.00",1PS122472,Open Top Hopper Car,1,877.96,,,,,,,
156,0.987,"H&K Equipment, Inc.",USX Corp. - ET Works,Braddock,PA,15104,"9,455.00",1PS122472,Open Top Hopper Car,1,877.96,,,,,,,
157,0.987,"H&K Equipment, Inc.",USX Corp. - ET Works,Braddock,PA,15104,"9,455.00",1PS122472,Open Top Hopper Car,1,"1,103.09",,,,,,,
158,0.987,"H&K Equipment, Inc.",USX Corp. - ET Works,Braddock,PA,15104,"9,455.00",1PS122472,Open Top Hopper Car,1,"1,103.09",,,,,,,
159,0.987,"H&K Equipment, Inc.",USX Corp. - ET Works,Braddock,PA,15104,"9,455.00",1PS122472,Open Top Hopper Car,1,"1,103.10",,,,,,,
160,0.987,"H&K Equipment, Inc.",Usx Corporation- Irvin Works,Dravosburg,PA,15034,"1,600.00",1PS122890,I.C. 8K Pneu Die,1,"1,600.00",,,,,,,
161,0.987,"H&K Equipment, Inc.",Usx Corporation - Irvin Works,Dravosburg,PA,15034,"2,275.00",1PS112813,I.C. 12 K Pneu,1,"2,275.00",,,,,,,
162,0.992,"H&K Equipment, Inc.",Usx Corporation- Irvin Works,Dravosburg,PA,15034,"1,600.00",1PS110096,I.C. 8K Pneu Die,1,"1,600.00",,,,,,,
163,0.997,"H&K Equipment, Inc.",United States Steel,Braddock,PA,15104,"1,400.00",1PS108112,IC Pneu 7K lbs forklift Die,1,"1,400.00",,,,,,,
164,0.997,"H&K Equipment, Inc.",Usx Corporation - Irvin Works,Dravosburg,PA,15034,"2,275.00",1PS116614,I.C. 12 K Pneu,1,"2,275.00",,,,,,,
165,0.997,"H&K Equipment, Inc.",USX Corp. - ET Works,Braddock,PA,15104,"1,950.00",1PS114867,I.C. 8K Pneu Die,1,"1,950.00",,,,,,,
166,0.997,"H&K Equipment, Inc.",USX Corporation ET works,Braddock,PA,15104,"7,540.00",1PS109851,Telehandler,1,"7,540.00",,,,,,,
167,0.987,"H&K Equipment, Inc.",Usx Corporation- Irvin Works,Dravosburg,PA,15034,"2,450.00",1PS125038,IC 12K Lift Truck,1,"2,450.00",,,,,,,
168,0.987,"H&K Equipment, Inc.",United States Steel Corp.,West Mifflin,PA,15122,"15,000.00",1PS118984,Reach / SN#: 43563,1,"15,000.00",,,,,,,
169,0.987,"H&K Equipment, Inc.",USX Corp. - ET Works,Braddock,PA,15104,"9,455.00",1PS116821,Open Top Hopper Car,1,877.96,,,,,,,
170,0.987,"H&K Equipment, Inc.",USX Corp. - ET Works,Braddock,PA,15104,"9,455.00",1PS116821,Open Top Hopper Car,1,877.96,,,,,,,
171,0.987,"H&K Equipment, Inc.",USX Corp. - ET Works,Braddock,PA,15104,"9,455.00",1PS116821,Open Top Hopper Car,1,877.96,,,,,,,
172,0.987,"H&K Equipment, Inc.",USX Corp. - ET Works,Braddock,PA,15104,"9,455.00",1PS116821,Open Top Hopper Car,1,877.96,,,,,,,
173,0.987,"H&K Equipment, Inc.",USX Corp. - ET Works,Braddock,PA,15104,"9,455.00",1PS116821,Open Top Hopper Car,1,877.96,,,,,,,
174,0.987,"H&K Equipment, Inc.",USX Corp. - ET Works,Braddock,PA,15104,"9,455.00",1PS116821,Open Top Hopper Car,1,877.96,,,,,,,
175,0.987,"H&K Equipment, Inc.",USX Corp. - ET Works,Braddock,PA,15104,"9,455.00",1PS116821,Open Top Hopper Car,1,877.96,,,,,,,
176,0.987,"H&K Equipment, Inc.",USX Corp. - ET Works,Braddock,PA,15104,"9,455.00",1PS116821,Open Top Hopper Car,1,"1,103.09",,,,,,,
177,0.987,"H&K Equipment, Inc.",USX Corp. - ET Works,Braddock,PA,15104,"9,455.00",1PS116821,Open Top Hopper Car,1,"1,103.09",,,,,,,
178,0.987,"H&K Equipment, Inc.",USX Corp. - ET Works,Braddock,PA,15104,"9,455.00",1PS116821,Open Top Hopper Car,1,"1,103.10",,,,,,,
179,0.987,"H&K Equipment, Inc.",USX Corporation,West Mifflin,PA,15122,"3,962.80",1PS123053,Payloader Burden Carrier,1,990.7,,,,,,,
180,0.987,"H&K Equipment, Inc.",USX Corporation,West Mifflin,PA,15122,"3,962.80",1PS123053,Payloader Burden Carrier,1,990.7,,,,,,,
181,0.987,"H&K Equipment, Inc.",USX Corporation,West Mifflin,PA,15122,"3,962.80",1PS123053,Payloader Burden Carrier,1,990.7,,,,,,,
182,0.987,"H&K Equipment, Inc.",USX Corporation,West Mifflin,PA,15122,"3,962.80",1PS123053,Payloader Burden Carrier,1,990.7,,,,,,,
183,0.987,"H&K Equipment, Inc.",USX Corporation Irvin Works,West Mifflin,PA,15122,689,1PS119785,Diesel Utility Vehicle,1,689,,,,,,,
184,0.987,"H&K Equipment, Inc.",United States Steel Corp.,West Mifflin,PA,15122,"15,000.00",1PS117869,Reach,1,"15,000.00",,,,,,,
185,0.987,"H&K Equipment, Inc.",United States Steel Corp.,West Mifflin,PA,15122,"15,000.00",1PS112042,Reach Stacker w/3 hook beam /,1,"15,000.00",,,,,,,
186,0.997,"H&K Equipment, Inc.",USX Corporation,West Mifflin,PA,15122,"7,500.00",1PS123323,Wheel Loader,1,"7,500.00",,,,,,,
187,0.987,"H&K Equipment, Inc.",United States Steel Corp.,West Mifflin,PA,15122,"15,000.00",1PS109678,Reach Stacker / SN#: 43563 (W,1,"15,000.00",,,,,,,
188,0.987,"H&K Equipment, Inc.",USX Corp. - ET Works,Braddock,PA,15104,"9,455.00",1PS108599,Open Top Hopper Car,1,877.96,,,,,,,
189,0.987,"H&K Equipment, Inc.",USX Corp. - ET Works,Braddock,PA,15104,"9,455.00",1PS108599,Open Top Hopper Car,1,877.96,,,,,,,
190,0.987,"H&K Equipment, Inc.",USX Corp. - ET Works,Braddock,PA,15104,"9,455.00",1PS108599,Open Top Hopper Car,1,877.96,,,,,,,
191,0.987,"H&K Equipment, Inc.",USX Corp. - ET Works,Braddock,PA,15104,"9,455.00",1PS108599,Open Top Hopper Car,1,877.96,,,,,,,
192,0.987,"H&K Equipment, Inc.",USX Corp. - ET Works,Braddock,PA,15104,"9,455.00",1PS108599,Open Top Hopper Car,1,877.96,,,,,,,
193,0.987,"H&K Equipment, Inc.",USX Corp. - ET Works,Braddock,PA,15104,"9,455.00",1PS108599,Open Top Hopper Car,1,"4,389.80 877.96",,,,,,,
194,0.987,"H&K Equipment, Inc.",USX Corp. - ET Works,Braddock,PA,15104,"9,455.00",1PS108599,Open Top Hopper Car,1,877.96,,,,,,,
195,0.987,"H&K Equipment, Inc.",USX Corp. - ET Works,Braddock,PA,15104,"9,455.00",1PS108599,Open Top Hopper Car,1,"1,103.09",,,,,,,
196,0.987,"H&K Equipment, Inc.",USX Corp. - ET Works,Braddock,PA,15104,"9,455.00",1PS108599,Open Top Hopper Car,1,"1,103.09",,,,,,,
197,0.987,"H&K Equipment, Inc.",USX Corp. - ET Works,Braddock,PA,15104,"9,455.00",1PS108599,Open Top Hopper Car,1,"1,103.10",,,,,,,
198,0.992,"H&K Equipment, Inc.",Usx/Central Maintenance,Dravosburg,PA,15034,"2,450.00",1PS126569,IC 12K lift Truck,1,"2,450.00",,,,,,,
199,0.987,"H&K Equipment, Inc.",United States Steel Corp.,West Mifflin,PA,15122,"15,000.00",1PS108559,Reach Stacker w/3 hook beam /,1,"15,000.00",,,,,,,
200,0.997,"H&K Equipment, Inc.",Usx Corporation- Irvin Works,Dravosburg,PA,15034,"1,600.00",1PS107933,I.C. 8K Pneu Die,1,"1,600.00",,,,,,,
201,0.987,"H&K Equipment, Inc.",USX Corporation Irvin Works,West Mifflin,PA,15122,710.6,1PS124981,Payloader Burden Carrier Long,1,710.6,,,,,,,
202,0.987,"H&K Equipment, Inc.",USX Corporation Research and Technology,Homestead,PA,15120,"2,800.00",1PS126618,Ele Cush 3K Forklift,1,"2,800.00",,,,,,,
203,0.987,"H&K Equipment, Inc.",USX Corporation,West Mifflin,PA,15122,"5,500.00",1PS126875,Tow Tractor SN: 38674,1,"5,500.00",,,,,,,
204,0.987,"H&K Equipment, Inc.",United States Steel Corp.,West Mifflin,PA,15122,"15,000.00",1PS108526,Reach Stacker / SN#: 43563 (W,1,"15,000.00",,,,,,,
205,0.987,"H&K Equipment, Inc.",United States Steel Corp.,West Mifflin,PA,15122,"15,000.00",1PS122408,Reach,1,"15,000.00",,,,,,,
206,0.997,"H&K Equipment, Inc.",United States Steel Corp.,West Mifflin,PA,15122,"1,350.00",1PS118073,I.C. 8K Pneu Die,1,"1,350.00",,,,,,,
207,0.997,"H&K Equipment, Inc.",United States Steel Corp.,West Mifflin,PA,15122,"1,350.00",1PS119145,I.C. 8K Pneu Die,1,"1,350.00",,,,,,,
208,0.987,"H&K Equipment, Inc.",Usx Corporation - Irvin Works,Dravosburg,PA,15034,"1,800.00",1PS124920,IC Pneu 7k Die Forklift,1,"1,800.00",,,,,,,
209,0.987,"H&K Equipment, Inc.",USX Corporation-Irvin Works,West Mifflin,PA,15122,850,1PS116040,Freight-Out - Rentals,1,850,,,,,,,
210,0.987,"H&K Equipment, Inc.",USX Corp. - ET Works,Braddock,PA,15104,"9,455.00",1PS109757,Open Top Hopper Car,1,877.96,,,,,,,
211,0.987,"H&K Equipment, Inc.",USX Corp. - ET Works,Braddock,PA,15104,"9,455.00",1PS109757,Open Top Hopper Car,1,877.96,,,,,,,
212,0.987,"H&K Equipment, Inc.",USX Corp. - ET Works,Braddock,PA,15104,"9,455.00",1PS109757,Open Top Hopper Car,1,877.96,,,,,,,
213,0.987,"H&K Equipment, Inc.",USX Corp. - ET Works,Braddock,PA,15104,"9,455.00",1PS109757,Open Top Hopper Car,1,877.96,,,,,,,
214,0.987,"H&K Equipment, Inc.",USX Corp. - ET Works,Braddock,PA,15104,"9,455.00",1PS109757,Open Top Hopper Car,1,877.96,,,,,,,
215,0.987,"H&K Equipment, Inc.",USX Corp. - ET Works,Braddock,PA,15104,"9,455.00",1PS109757,Open Top Hopper Car,1,877.96,,,,,,,
216,0.987,"H&K Equipment, Inc.",USX Corp. - ET Works,Braddock,PA,15104,"9,455.00",1PS109757,Open Top Hopper Car,1,877.96,,,,,,,
217,0.987,"H&K Equipment, Inc.",USX Corp. - ET Works,Braddock,PA,15104,"9,455.00",1PS109757,Open Top Hopper Car,1,"1,103.09",,,,,,,
218,0.987,"H&K Equipment, Inc.",USX Corp. - ET Works,Braddock,PA,15104,"9,455.00",1PS109757,Open Top Hopper Car,1,"1,103.09",,,,,,,
219,0.987,"H&K Equipment, Inc.",USX Corp. - ET Works,Braddock,PA,15104,"9,455.00",1PS109757,Open Top Hopper Car,1,"1,103.10",,,,,,,
220,0.987,"H&K Equipment, Inc.",United States Steel Corp.,West Mifflin,PA,15122,"15,000.00",1PS119019,Reach Stacker w/3 hook beam /,1,"15,000.00",,,,,,,
221,0.997,"H&K Equipment, Inc.",USX Corporation,West Mifflin,PA,15122,"7,500.00",1PS115199,Wheel Loader,1,"7,500.00",,,,,,,
222,0.992,"H&K Equipment, Inc.",USX Corporation,West Mifflin,PA,15122,"5,500.00",1PS109453,Tow Tractor SN: 38674,1,"5,500.00",,,,,,,
223,0.987,"H&K Equipment, Inc.",Usx Corp - Gary Works,Gary,IN,46402,"17,000.00",1PS113735,GOING ON RENT TO USS GARY WORK,1,"8,500.00",,,,,,,
224,0.987,"H&K Equipment, Inc.",Usx Corp - Gary Works,Gary,IN,46402,"17,000.00",1PS113735,GOING ON RENT USS GARY,1,"8,500.00",,,,,,,
225,0.987,"H&K Equipment, Inc.",United States Steel Corp.,West Mifflin,PA,15122,"15,000.00",1PS122443,Reach Stacker w/3 hook beam /,1,"15,000.00",,,,,,,
226,0.987,"H&K Equipment, Inc.",USX Corporation-Irvin Works,West Mifflin,PA,15122,"5,800.00",1PS112045,Tow Tractor SN: 38581,1,"5,800.00",,,,,,,
227,0.997,"H&K Equipment, Inc.",United States Steel,Braddock,PA,15104,"1,400.00",1PS117457,IC Pneu 7K lbs forklift Die,1,"1,400.00",,,,,,,
228,0.992,"H&K Equipment, Inc.",United States Steel Corp.,West Mifflin,PA,15122,"1,350.00",1PS124998,I.C. 8K Pneu Die,1,"1,350.00",,,,,,,
229,0.987,"H&K Equipment, Inc.",Usx Corporation- Irvin Works,Dravosburg,PA,15034,"1,600.00",1PS120601,I.C. 8K Pneu Die,1,"1,600.00",,,,,,,
230,0.987,"H&K Equipment, Inc.",United States Steel Corp.,West Mifflin,PA,15122,"15,000.00",1PS123685,Reach Stacker w/3 hook beam /,1,"15,000.00",,,,,,,
231,0.997,"H&K Equipment, Inc.",United States Steel,Braddock,PA,15104,"1,400.00",1PS110461,IC Pneu 7K lbs forklift Die,1,"1,400.00",,,,,,,
232,0.992,"H&K Equipment, Inc.",Usx Corporation - Irvin Works,Dravosburg,PA,15034,"2,275.00",1PS117676,I.C. 12 K Pneu,1,"2,275.00",,,,,,,
233,0.997,"H&K Equipment, Inc.",USX Corporation ET works,Braddock,PA,15104,"7,540.00",1PS126175,Telehandler,1,"7,540.00",,,,,,,
234,0.987,"H&K Equipment, Inc.",USX Corporation,West Mifflin,PA,15122,"5,500.00",1PS119841,Tow Tractor SN: 38674,1,"5,500.00",,,,,,,
235,0.992,"H&K Equipment, Inc.",Usx Corporation - Irvin Works,Dravosburg,PA,15034,"1,800.00",1PS112143,IC Pneu 7k Die Forklift,1,"1,800.00",,,,,,,
236,0.987,"H&K Equipment, Inc.",Usx Corporation- Irvin Works,Dravosburg,PA,15034,"1,600.00",1PS119394,I.C. 8K Pneu Die,1,"1,600.00",,,,,,,
237,0.992,"H&K Equipment, Inc.",Usx Corporation - Irvin Works,Dravosburg,PA,15034,"1,800.00",1PS116860,IC Pneu 7k Die Forklift,1,"1,800.00",,,,,,,
238,0.992,"H&K Equipment, Inc.",Usx Corporation - Irvin Works,Dravosburg,PA,15034,"2,275.00",1PS108350,I.C. 12 K Pneu,1,"2,275.00",,,,,,,
239,0.997,"H&K Equipment, Inc.",Usx Corporation - Irvin Works,Dravosburg,PA,15034,"1,800.00",1PS113308,IC Pneu 7k Die Forklift,1,"1,800.00",,,,,,,
240,0.997,"H&K Equipment, Inc.",United States Steel Corp.,West Mifflin,PA,15122,"1,350.00",1PS115750,I.C. 8K Pneu Die,1,"1,350.00",,,,,,,
241,0.987,"H&K Equipment, Inc.",USX Corporation,West Mifflin,PA,15122,"3,962.80",1PS126614,Payloader Burden Carrier,1,990.7,,,,,,,
242,0.987,"H&K Equipment, Inc.",USX Corporation,West Mifflin,PA,15122,"3,962.80",1PS126614,Payloader Burden Carrier,1,990.7,,,,,,,
243,0.987,"H&K Equipment, Inc.",USX Corporation,West Mifflin,PA,15122,"3,962.80",1PS126614,Payloader Burden Carrier,1,990.7,,,,,,,
244,0.987,"H&K Equipment, Inc.",USX Corporation,West Mifflin,PA,15122,"3,962.80",1PS126614,Payloader Burden Carrier,1,990.7,,,,,,,
245,0.987,"H&K Equipment, Inc.",USX Corporation,West Mifflin,PA,15122,"2,132.18",1PS123561,IC 10K Die Pneu Forklift,1,"2,132.18",,,,,,,
246,0.987,"H&K Equipment, Inc.",USX Corporation Research and Technology,Homestead,PA,15120,"2,800.00",1PS125586,Ele Cush 3K Forklift,1,"2,800.00",,,,,,,
247,0.997,"H&K Equipment, Inc.",USX Corporation,West Mifflin,PA,15122,"7,500.00",1PS111654,Wheel Loader,1,"7,500.00",,,,,,,
248,0.997,"H&K Equipment, Inc.",USX Corporation-Irvin Works,West Mifflin,PA,15122,"5,800.00",1PS110923,Tow Tractor SN: 38581,1,"5,800.00",,,,,,,
249,0.987,"H&K Equipment, Inc.",United States Steel Corp.,West Mifflin,PA,15122,"15,000.00",1PS113196,Reach,1,"15,000.00",,,,,,,
250,0.997,"H&K Equipment, Inc.",United States Steel,Braddock,PA,15104,"1,400.00",1PS115119,IC Pneu 7K lbs forklift Die,1,"1,400.00",,,,,,,
251,0.992,"H&K Equipment, Inc.",Usx/Central Maintenance,Dravosburg,PA,15034,"2,450.00",1PS123012,IC 12K lift Truck,1,"2,450.00",,,,,,,
252,0.987,"H&K Equipment, Inc.",Usx Corporation - Irvin Works,Dravosburg,PA,15034,"1,800.00",1PS126137,IC Pneu 7k Die Forklift,1,"1,800.00",,,,,,,
253,0.987,"H&K Equipment, Inc.",USX Corporation,West Mifflin,PA,15122,"5,500.00",1PS112791,Tow Tractor SN: 38674,1,"5,500.00",,,,,,,
254,0.987,"H&K Equipment, Inc.",USX Corp. - ET Works,Braddock,PA,15104,"9,455.00",1PS114500,Open Top Hopper Car,1,877.96,,,,,,,
255,0.987,"H&K Equipment, Inc.",USX Corp. - ET Works,Braddock,PA,15104,"9,455.00",1PS114500,Open Top Hopper Car,1,877.96,,,,,,,
256,0.987,"H&K Equipment, Inc.",USX Corp. - ET Works,Braddock,PA,15104,"9,455.00",1PS114500,Open Top Hopper Car,1,877.96,,,,,,,
257,0.987,"H&K Equipment, Inc.",USX Corp. - ET Works,Braddock,PA,15104,"9,455.00",1PS114500,Open Top Hopper Car,1,877.96,,,,,,,
258,0.987,"H&K Equipment, Inc.",USX Corp. - ET Works,Braddock,PA,15104,"9,455.00",1PS114500,Open Top Hopper Car,1,877.96,,,,,,,
259,0.987,"H&K Equipment, Inc.",USX Corp. - ET Works,Braddock,PA,15104,"9,455.00",1PS114500,Open Top Hopper Car,1,877.96,,,,,,,
260,0.987,"H&K Equipment, Inc.",USX Corp. - ET Works,Braddock,PA,15104,"9,455.00",1PS114500,Open Top Hopper Car,1,877.96,,,,,,,
261,0.987,"H&K Equipment, Inc.",USX Corp. - ET Works,Braddock,PA,15104,"9,455.00",1PS114500,Open Top Hopper Car,1,"1,103.09",,,,,,,
262,0.987,"H&K Equipment, Inc.",USX Corp. - ET Works,Braddock,PA,15104,"9,455.00",1PS114500,Open Top Hopper Car,1,"1,103.09",,,,,,,
263,0.987,"H&K Equipment, Inc.",USX Corp. - ET Works,Braddock,PA,15104,"9,455.00",1PS114500,Open Top Hopper Car,1,"1,103.10",,,,,,,
264,0.992,"H&K Equipment, Inc.",Usx/Central Maintenance,Dravosburg,PA,15034,"2,450.00",1PS124223,IC 12K lift Truck,1,"2,450.00",,,,,,,
265,0.987,"H&K Equipment, Inc.",United States Steel Corp.,West Mifflin,PA,15122,"15,000.00",1PS124803,Reach,1,"15,000.00",,,,,,,
266,0.997,"H&K Equipment, Inc.",USX Corporation,West Mifflin,PA,15122,"7,500.00",1PS122108,Wheel Loader,1,"7,500.00",,,,,,,
267,0.987,"H&K Equipment, Inc.",USX Corporation,West Mifflin,PA,15122,"3,962.80",1PS118551,Payloader Burden Carrier,1,990.7,,,,,,,
268,0.987,"H&K Equipment, Inc.",USX Corporation,West Mifflin,PA,15122,"3,962.80",1PS118551,Payloader Burden Carrier,1,990.7,,,,,,,
269,0.987,"H&K Equipment, Inc.",USX Corporation,West Mifflin,PA,15122,"3,962.80",1PS118551,Payloader Burden Carrier,1,990.7,,,,,,,
270,0.987,"H&K Equipment, Inc.",USX Corporation,West Mifflin,PA,15122,"3,962.80",1PS118551,Payloader Burden Carrier,1,990.7,,,,,,,
271,0.992,"H&K Equipment, Inc.",USX Corporation,West Mifflin,PA,15122,"5,500.00",1PS108282,Tow Tractor SN: 38674,1,"5,500.00",,,,,,,
272,0.997,"H&K Equipment, Inc.",United States Steel Corp.,West Mifflin,PA,15122,"1,350.00",1PS114587,I.C. 8K Pneu Die,1,"1,350.00",,,,,,,
273,0.997,"H&K Equipment, Inc.",United States Steel,Braddock,PA,15104,"1,400.00",1PS120926,IC Pneu 7K lbs forklift Die,1,"1,400.00",,,,,,,
274,0.997,"H&K Equipment, Inc.",United States Steel Corp.,West Mifflin,PA,15122,"1,350.00",1PS107517,I.C. 8K Pneu Die,1,"1,350.00",,,,,,,
275,0.987,"H&K Equipment, Inc.",United States Steel Corp.,West Mifflin,PA,15122,"15,000.00",1PS124838,Reach Stacker w/3 hook beam /,1,"15,000.00",,,,,,,
276,0.987,"H&K Equipment, Inc.",United States Steel Corp.,West Mifflin,PA,15122,"15,000.00",1PS121293,Reach Stacker w/3 hook beam /,1,"15,000.00",,,,,,,
277,0.987,"H&K Equipment, Inc.",USX Corp. - ET Works,Braddock,PA,15104,436.4,1PS116818,Utility Cart,1,436.4,,,,,,,
278,0.987,"H&K Equipment, Inc.",Usx Corporation- Irvin Works,Dravosburg,PA,15034,"1,600.00",1PS118272,I.C. 8K Pneu Die,1,"1,600.00",,,,,,,
279,0.987,"H&K Equipment, Inc.",USX Corp. - ET Works,Braddock,PA,15104,"9,455.00",1PS124864,Open Top Hopper Car,1,877.96,,,,,,,
280,0.987,"H&K Equipment, Inc.",USX Corp. - ET Works,Braddock,PA,15104,"9,455.00",1PS124864,Open Top Hopper Car,1,877.96,,,,,,,
281,0.987,"H&K Equipment, Inc.",USX Corp. - ET Works,Braddock,PA,15104,"9,455.00",1PS124864,Open Top Hopper Car,1,877.96,,,,,,,
282,0.987,"H&K Equipment, Inc.",USX Corp. - ET Works,Braddock,PA,15104,"9,455.00",1PS124864,Open Top Hopper Car,1,877.96,,,,,,,
283,0.987,"H&K Equipment, Inc.",USX Corp. - ET Works,Braddock,PA,15104,"9,455.00",1PS124864,Open Top Hopper Car,1,877.96,,,,,,,
284,0.987,"H&K Equipment, Inc.",USX Corp. - ET Works,Braddock,PA,15104,"9,455.00",1PS124864,Open Top Hopper Car,1,877.96,,,,,,,
285,0.987,"H&K Equipment, Inc.",USX Corp. - ET Works,Braddock,PA,15104,"9,455.00",1PS124864,Open Top Hopper Car,1,877.96,,,,,,,
286,0.987,"H&K Equipment, Inc.",USX Corp. - ET Works,Braddock,PA,15104,"9,455.00",1PS124864,Open Top Hopper Car,1,"1,103.09",,,,,,,
287,0.987,"H&K Equipment, Inc.",USX Corp. - ET Works,Braddock,PA,15104,"9,455.00",1PS124864,Open Top Hopper Car,1,"1,103.09",,,,,,,
288,0.987,"H&K Equipment, Inc.",USX Corp. - ET Works,Braddock,PA,15104,"9,455.00",1PS124864,Open Top Hopper Car,1,"1,103.10",,,,,,,
289,0.997,"H&K Equipment, Inc.",Usx Corporation - Irvin Works,Dravosburg,PA,15034,"2,275.00",1PS111846,I.C. 12 K Pneu,1,"2,275.00",,,,,,,
290,0.987,"H&K Equipment, Inc.",USX Corp. - ET Works,Braddock,PA,15104,436.4,1PS115655,Utility Cart,1,436.4,,,,,,,
291,0.987,"H&K Equipment, Inc.",United States Steel Corp.,West Mifflin,PA,15122,"15,000.00",1PS120094,Reach Stacker / SN#: 43563 (W,1,"15,000.00",,,,,,,
292,0.987,"H&K Equipment, Inc.",Usx Corporation- Irvin Works,Dravosburg,PA,15034,"1,600.00",1PS124161,I.C. 8K Pneu Die,1,"1,600.00",,,,,,,
293,0.987,"H&K Equipment, Inc.",United States Steel Corp.,West Mifflin,PA,15122,"15,000.00",1PS115625,Reach Stacker w/3 hook beam /,1,"15,000.00",,,,,,,
294,0.992,"H&K Equipment, Inc.",Usx/Central Maintenance,Dravosburg,PA,15034,"2,450.00",1PS118369,IC 12K lift Truck,1,"2,450.00",,,,,,,
295,0.997,"H&K Equipment, Inc.",USX Corporation,West Mifflin,PA,15122,"7,500.00",1PS125656,Wheel Loader,1,"7,500.00",,,,,,,
296,0.992,"H&K Equipment, Inc.",USX Corporation,West Mifflin,PA,15122,"5,500.00",1PS115319,Tow Tractor SN: 38674,1,"5,500.00",,,,,,,
297,0.992,"H&K Equipment, Inc.",USX Corporation,West Mifflin,PA,15122,"5,500.00",1PS110579,Tow Tractor SN: 38674,1,"5,500.00",,,,,,,
298,0.992,"H&K Equipment, Inc.",USX Corp. - ET Works,Braddock,PA,15104,436.4,1PS108595,Utility Cart,1,436.4,,,,,,,
299,0.987,"H&K Equipment, Inc.",USX Corporation,West Mifflin,PA,15122,"3,962.80",1PS119576,Payloader Burden Carrier,1,990.7,,,,,,,
300,0.987,"H&K Equipment, Inc.",USX Corporation,West Mifflin,PA,15122,"3,962.80",1PS119576,Payloader Burden Carrier,1,990.7,,,,,,,
301,0.987,"H&K Equipment, Inc.",USX Corporation,West Mifflin,PA,15122,"3,962.80",1PS119576,Payloader Burden Carrier,1,990.7,,,,,,,
302,0.987,"H&K Equipment, Inc.",USX Corporation,West Mifflin,PA,15122,"3,962.80",1PS119576,Payloader Burden Carrier,1,990.7,,,,,,,
303,0.997,"H&K Equipment, Inc.",Usx Corporation - Irvin Works,Dravosburg,PA,15034,"2,275.00",1PS114302,I.C. 12 K Pneu,1,"2,275.00",,,,,,,
304,0.997,"H&K Equipment, Inc.",United States Steel Corp.,West Mifflin,PA,15122,"1,350.00",1PS108681,I.C. 8K Pneu Die,1,"1,350.00",,,,,,,
305,0.987,"H&K Equipment, Inc.",USX Corporation Irvin Works,West Mifflin,PA,15122,689,1PS124469,Diesel Utility Vehicle,1,689,,,,,,,
306,0.987,"H&K Equipment, Inc.",Usx Corp - Gary Works,Gary,IN,46402,"17,000.00",1PS107737,GOING ON RENT TO USS GARY WORK,1,"8,500.00",,,,,,,
307,0.987,"H&K Equipment, Inc.",Usx Corp - Gary Works,Gary,IN,46402,"17,000.00",1PS107737,GOING ON RENT USS GARY,1,"8,500.00",,,,,,,
308,0.997,"H&K Equipment, Inc.",United States Steel Corp.,West Mifflin,PA,15122,"1,350.00",1PS122566,I.C. 8K Pneu Die,1,"1,350.00",,,,,,,
309,0.987,"H&K Equipment, Inc.",USX Corporation,West Mifflin,PA,15122,"5,500.00",1PS117656,Tow Tractor SN: 38674,1,"5,500.00",,,,,,,
310,0.987,"H&K Equipment, Inc.",USX Corporation,West Mifflin,PA,15122,"3,962.80",1PS124308,Payloader Burden Carrier,1,990.7,,,,,,,
311,0.987,"H&K Equipment, Inc.",USX Corporation,West Mifflin,PA,15122,"3,962.80",1PS124308,Payloader Burden Carrier,1,990.7,,,,,,,
312,0.987,"H&K Equipment, Inc.",USX Corporation,West Mifflin,PA,15122,"3,962.80",1PS124308,Payloader Burden Carrier,1,990.7,,,,,,,
313,0.987,"H&K Equipment, Inc.",USX Corporation,West Mifflin,PA,15122,"3,962.80",1PS124308,Payloader Burden Carrier,1,990.7,,,,,,,
314,0.987,"H&K Equipment, Inc.",United States Steel Corp.,West Mifflin,PA,15122,"15,000.00",1PS110878,Reach / SN#: 43563,1,"15,000.00",,,,,,,
315,0.997,"H&K Equipment, Inc.",Usx/Central Maintenance,Dravosburg,PA,15034,"2,450.00",1PS113807,IC 12K lift Truck,1,"2,450.00",,,,,,,
316,0.997,"H&K Equipment, Inc.",Usx Corporation- Irvin Works,Dravosburg,PA,15034,"1,600.00",1PS113711,I.C. 8K Pneu Die,1,"1,600.00",,,,,,,
317,0.987,"H&K Equipment, Inc.",United States Steel Corp.,West Mifflin,PA,15122,"15,000.00",1PS116790,Reach Stacker w/3 hook beam /,1,"15,000.00",,,,,,,
318,0.987,"H&K Equipment, Inc.",Usx Corporation- Irvin Works,Dravosburg,PA,15034,"1,600.00",1PS116013,I.C. 8K Pneu Die,1,"1,600.00",,,,,,,
319,0.997,"H&K Equipment, Inc.",United States Steel Corp.,West Mifflin,PA,15122,"1,350.00",1PS116942,I.C. 8K Pneu Die,1,"1,350.00",,,,,,,
320,0.992,"H&K Equipment, Inc.",Usx Corporation- Irvin Works,Dravosburg,PA,15034,"1,600.00",1PS111280,I.C. 8K Pneu Die,1,"1,600.00",,,,,,,
321,0.997,"H&K Equipment, Inc.",USX Corporation,West Mifflin,PA,15122,"7,500.00",1PS117558,Wheel Loader,1,"7,500.00",,,,,,,
322,0.987,"H&K Equipment, Inc.",USX Corp. - ET Works,Braddock,PA,15104,"9,455.00",1PS119049,Open Top Hopper Car,1,877.96,,,,,,,
323,0.987,"H&K Equipment, Inc.",USX Corp. - ET Works,Braddock,PA,15104,"9,455.00",1PS119049,Open Top Hopper Car,1,877.96,,,,,,,
324,0.987,"H&K Equipment, Inc.",USX Corp. - ET Works,Braddock,PA,15104,"9,455.00",1PS119049,Open Top Hopper Car,1,877.96,,,,,,,
325,0.987,"H&K Equipment, Inc.",USX Corp. - ET Works,Braddock,PA,15104,"9,455.00",1PS119049,Open Top Hopper Car,1,877.96,,,,,,,
326,0.987,"H&K Equipment, Inc.",USX Corp. - ET Works,Braddock,PA,15104,"9,455.00",1PS119049,Open Top Hopper Car,1,877.96,,,,,,,
327,0.987,"H&K Equipment, Inc.",USX Corp. - ET Works,Braddock,PA,15104,"9,455.00",1PS119049,Open Top Hopper Car,1,877.96,,,,,,,
328,0.987,"H&K Equipment, Inc.",USX Corp. - ET Works,Braddock,PA,15104,"9,455.00",1PS119049,Open Top Hopper Car,1,877.96,,,,,,,
329,0.987,"H&K Equipment, Inc.",USX Corp. - ET Works,Braddock,PA,15104,"9,455.00",1PS119049,Open Top Hopper Car,1,"1,103.09",,,,,,,
330,0.987,"H&K Equipment, Inc.",USX Corp. - ET Works,Braddock,PA,15104,"9,455.00",1PS119049,Open Top Hopper Car,1,"1,103.09",,,,,,,
331,0.987,"H&K Equipment, Inc.",USX Corp. - ET Works,Braddock,PA,15104,"9,455.00",1PS119049,Open Top Hopper Car,1,"1,103.10",,,,,,,
332,0.987,"H&K Equipment, Inc.",Usx Corporation - Irvin Works,Dravosburg,PA,15034,"1,800.00",1PS122517,IC Pneu 7k Die Forklift,1,"1,800.00",,,,,,,
333,0.997,"H&K Equipment, Inc.",USX Corporation ET works,Braddock,PA,15104,"7,540.00",1PS108667,Telehandler,1,"7,540.00",,,,,,,
334,0.997,"H&K Equipment, Inc.",USX Corporation,West Mifflin,PA,15122,"7,500.00",1PS110529,Wheel Loader,1,"7,500.00",,,,,,,
335,0.997,"H&K Equipment, Inc.",Usx Corporation- Irvin Works,Dravosburg,PA,15034,"1,600.00",1PS117191,I.C. 8K Pneu Die,1,"1,600.00",,,,,,,
336,0.997,"H&K Equipment, Inc.",USX Corporation,West Mifflin,PA,15122,"7,500.00",1PS119808,Wheel Loader,1,"7,500.00",,,,,,,
337,0.987,"H&K Equipment, Inc.",Usx Corporation - Irvin Works,Dravosburg,PA,15034,"2,275.00",1PS125750,I.C. 12 K Pneu,1,"2,275.00",,,,,,,
338,0.987,"H&K Equipment, Inc.",USX Corporation,West Mifflin,PA,15122,385.91,1PS119872,Summit Utilitruck NEV Long,1,385.91,,,,,,,
339,0.997,"H&K Equipment, Inc.",USX Corporation ET works,Braddock,PA,15104,"7,540.00",1PS121416,Telehandler,1,"7,540.00",,,,,,,
340,0.997,"H&K Equipment, Inc.",Usx Corporation - Irvin Works,Dravosburg,PA,15034,"1,800.00",1PS114545,IC Pneu 7k Die Forklift,1,"1,800.00",,,,,,,
341,0.997,"H&K Equipment, Inc.",USX Corporation,West Mifflin,PA,15122,"7,500.00",1PS109538,Wheel Loader,1,"7,500.00",,,,,,,
342,0.997,"H&K Equipment, Inc.",USX Corporation ET works,Braddock,PA,15104,"7,540.00",1PS111055,Telehandler,1,"7,540.00",,,,,,,
343,0.987,"H&K Equipment, Inc.",USX Corporation Irvin Works,West Mifflin,PA,15122,710.6,1PS123849,Payloader Burden Carrier Long,1,710.6,,,,,,,
344,0.997,"H&K Equipment, Inc.",Usx Corporation - Irvin Works,Dravosburg,PA,15034,"2,275.00",1PS115342,I.C. 12 K Pneu,1,"2,275.00",,,,,,,
345,0.987,"H&K Equipment, Inc.",USX Corp. - ET Works,Braddock,PA,15104,"9,455.00",1PS123711,Open Top Hopper Car,1,877.96,,,,,,,
346,0.987,"H&K Equipment, Inc.",USX Corp. - ET Works,Braddock,PA,15104,"9,455.00",1PS123711,Open Top Hopper Car,1,877.96,,,,,,,
347,0.987,"H&K Equipment, Inc.",USX Corp. - ET Works,Braddock,PA,15104,"9,455.00",1PS123711,Open Top Hopper Car,1,877.96,,,,,,,
348,0.987,"H&K Equipment, Inc.",USX Corp. - ET Works,Braddock,PA,15104,"9,455.00",1PS123711,Open Top Hopper Car,1,877.96,,,,,,,
349,0.987,"H&K Equipment, Inc.",USX Corp. - ET Works,Braddock,PA,15104,"9,455.00",1PS123711,Open Top Hopper Car,1,877.96,,,,,,,
350,0.987,"H&K Equipment, Inc.",USX Corp. - ET Works,Braddock,PA,15104,"9,455.00",1PS123711,Open Top Hopper Car,1,877.96,,,,,,,
351,0.987,"H&K Equipment, Inc.",USX Corp. - ET Works,Braddock,PA,15104,"9,455.00",1PS123711,Open Top Hopper Car,1,877.96,,,,,,,
352,0.987,"H&K Equipment, Inc.",USX Corp. - ET Works,Braddock,PA,15104,"9,455.00",1PS123711,Open Top Hopper Car,1,"1,103.09",,,,,,,
353,0.987,"H&K Equipment, Inc.",USX Corp. - ET Works,Braddock,PA,15104,"9,455.00",1PS123711,Open Top Hopper Car,1,"1,103.09",,,,,,,
354,0.987,"H&K Equipment, Inc.",USX Corp. - ET Works,Braddock,PA,15104,"9,455.00",1PS123711,Open Top Hopper Car,1,"1,103.10",,,,,,,
355,0.987,"H&K Equipment, Inc.",USX Corporation Irvin Works,West Mifflin,PA,15122,689,1PS122028,Diesel Utility Vehicle,1,689,,,,,,,
356,0.987,"H&K Equipment, Inc.",Usx Corporation - Irvin Works,Dravosburg,PA,15034,"1,800.00",1PS120219,IC Pneu 7k Die Forklift,1,"1,800.00",,,,,,,
357,0.997,"H&K Equipment, Inc.",USX Corporation-Irvin Works,West Mifflin,PA,15122,"5,800.00",1PS109720,Tow Tractor SN: 38581,1,"5,800.00",,,,,,,
358,0.997,"H&K Equipment, Inc.",United States Steel,Braddock,PA,15104,"1,400.00",1PS122003,IC Pneu 7K lbs forklift Die,1,"1,400.00",,,,,,,
359,0.987,"H&K Equipment, Inc.",Usx Corporation- Irvin Works,Dravosburg,PA,15034,"1,600.00",1PS126413,I.C. 8K Pneu Die,1,"1,600.00",,,,,,,
360,0.987,"H&K Equipment, Inc.",Usx Corporation- Irvin Works,Dravosburg,PA,15034,"1,600.00",1PS125279,I.C. 8K Pneu Die,1,"1,600.00",,,,,,,
361,0.997,"H&K Equipment, Inc.",Usx Corporation- Irvin Works,Dravosburg,PA,15034,"1,600.00",1PS114853,I.C. 8K Pneu Die,1,"1,600.00",,,,,,,
362,0.987,"H&K Equipment, Inc.",United States Steel Corp.,West Mifflin,PA,15122,"15,000.00",1PS115592,Reach Stacker / SN#: 43563 (W,1,"15,000.00",,,,,,,
363,0.997,"H&K Equipment, Inc.",USX Corporation ET works,Braddock,PA,15104,"7,540.00",1PS113339,Telehandler,1,"7,540.00",,,,,,,
364,0.997,"H&K Equipment, Inc.",United States Steel,Braddock,PA,15104,"1,400.00",1PS118634,IC Pneu 7K lbs forklift Die,1,"1,400.00",,,,,,,
365,0.997,"H&K Equipment, Inc.",Usx/Central Maintenance,Dravosburg,PA,15034,"2,450.00",1PS117236,IC 12K lift Truck,1,"2,450.00",,,,,,,
366,0.992,"H&K Equipment, Inc.",Usx/Central Maintenance,Dravosburg,PA,15034,"2,450.00",1PS121759,IC 12K lift Truck,1,"2,450.00",,,,,,,
367,0.987,"H&K Equipment, Inc.",USX Corporation Irvin Works,West Mifflin,PA,15122,689,1PS117618,Diesel Utility Vehicle,1,689,,,,,,,
368,0.997,"H&K Equipment, Inc.",United States Steel,Braddock,PA,15104,"1,400.00",1PS111608,IC Pneu 7K lbs forklift Die,1,"1,400.00",,,,,,,
369,0.987,"H&K Equipment, Inc.",Usx Corp - Gary Works,Gary,IN,46402,"17,000.00",1PS112480,GOING ON RENT TO USS GARY WORK,1,"8,500.00",,,,,,,
370,0.987,"H&K Equipment, Inc.",Usx Corp - Gary Works,Gary,IN,46402,"17,000.00",1PS112480,GOING ON RENT USS GARY,1,"8,500.00",,,,,,,
371,0.987,"H&K Equipment, Inc.",USX Corporation,West Mifflin,PA,15122,"5,500.00",1PS121075,Tow Tractor SN: 38674,1,"5,500.00",,,,,,,
372,0.987,"H&K Equipment, Inc.",USX Corporation,West Mifflin,PA,15122,"3,962.80",1PS125483,Payloader Burden Carrier,1,990.7,,,,,,,
373,0.987,"H&K Equipment, Inc.",USX Corporation,West Mifflin,PA,15122,"3,962.80",1PS125483,Payloader Burden Carrier,1,990.7,,,,,,,
374,0.987,"H&K Equipment, Inc.",USX Corporation,West Mifflin,PA,15122,"3,962.80",1PS125483,Payloader Burden Carrier,1,990.7,,,,,,,
375,0.987,"H&K Equipment, Inc.",USX Corporation,West Mifflin,PA,15122,"3,962.80",1PS125483,Payloader Burden Carrier,1,990.7,,,,,,,
376,0.987,"H&K Equipment, Inc.",USX Corporation,West Mifflin,PA,15122,"2,132.18",1PS125747,IC 10K Die Pneu Forklift,1,"2,132.18",,,,,,,
377,0.987,"H&K Equipment, Inc.",USX Corp. - ET Works,Braddock,PA,15104,436.4,1PS112098,Utility Cart,1,436.4,,,,,,,
378,0.987,"H&K Equipment, Inc.",USX Corporation Irvin Works,West Mifflin,PA,15122,689,1PS125561,Diesel Utility Vehicle,1,689,,,,,,,
379,0.987,"H&K Equipment, Inc.",USX Corporation,West Mifflin,PA,15122,"3,962.80",1PS120718,Payloader Burden Carrier,1,990.7,,,,,,,
380,0.987,"H&K Equipment, Inc.",USX Corporation,West Mifflin,PA,15122,"3,962.80",1PS120718,Payloader Burden Carrier,1,990.7,,,,,,,
381,0.987,"H&K Equipment, Inc.",USX Corporation,West Mifflin,PA,15122,"3,962.80",1PS120718,Payloader Burden Carrier,1,990.7,,,,,,,
382,0.987,"H&K Equipment, Inc.",USX Corporation,West Mifflin,PA,15122,"3,962.80",1PS120718,Payloader Burden Carrier,1,990.7,,,,,,,
383,0.987,"H&K Equipment, Inc.",United States Steel Corp.,West Mifflin,PA,15122,"15,000.00",1PS126051,Reach Stacker w/3 hook beam /,1,"15,000.00",,,,,,,
384,0.987,"H&K Equipment, Inc.",United States Steel Corp.,West Mifflin,PA,15122,"15,000.00",1PS113238,Reach Stacker w/3 hook beam /,1,"15,000.00",,,,,,,
385,0.987,"H&K Equipment, Inc.",USX Corp. - ET Works,Braddock,PA,15104,"9,455.00",1PS115658,Open Top Hopper Car,1,877.96,,,,,,,
386,0.987,"H&K Equipment, Inc.",USX Corp. - ET Works,Braddock,PA,15104,"9,455.00",1PS115658,Open Top Hopper Car,1,877.96,,,,,,,
387,0.987,"H&K Equipment, Inc.",USX Corp. - ET Works,Braddock,PA,15104,"9,455.00",1PS115658,Open Top Hopper Car,1,877.96,,,,,,,
388,0.987,"H&K Equipment, Inc.",USX Corp. - ET Works,Braddock,PA,15104,"9,455.00",1PS115658,Open Top Hopper Car,1,877.96,,,,,,,
389,0.987,"H&K Equipment, Inc.",USX Corp. - ET Works,Braddock,PA,15104,"9,455.00",1PS115658,Open Top Hopper Car,1,877.96,,,,,,,
390,0.987,"H&K Equipment, Inc.",USX Corp. - ET Works,Braddock,PA,15104,"9,455.00",1PS115658,Open Top Hopper Car,1,877.96,,,,,,,
391,0.987,"H&K Equipment, Inc.",USX Corp. - ET Works,Braddock,PA,15104,"9,455.00",1PS115658,Open Top Hopper Car,1,877.96,,,,,,,
392,0.987,"H&K Equipment, Inc.",USX Corp. - ET Works,Braddock,PA,15104,"9,455.00",1PS115658,Open Top Hopper Car,1,"1,103.09",,,,,,,
393,0.987,"H&K Equipment, Inc.",USX Corp. - ET Works,Braddock,PA,15104,"9,455.00",1PS115658,Open Top Hopper Car,1,"1,103.09",,,,,,,
394,0.987,"H&K Equipment, Inc.",USX Corp. - ET Works,Braddock,PA,15104,"9,455.00",1PS115658,Open Top Hopper Car,1,"1,103.10",,,,,,,
395,0.987,"H&K Equipment, Inc.",United States Steel Corp.,West Mifflin,PA,15122,"15,000.00",1PS110921,Reach Stacker w/3 hook beam /,1,"15,000.00",,,,,,,
396,0.997,"H&K Equipment, Inc.",United States Steel,Braddock,PA,15104,"1,400.00",1PS124413,IC Pneu 7K lbs forklift Die,1,"1,400.00",,,,,,,
397,0.987,"H&K Equipment, Inc.",Usx Corp - Gary Works,Gary,IN,46402,"17,000.00",1PS111278,GOING ON RENT TO USS GARY WORK,1,"8,500.00",,,,,,,
398,0.987,"H&K Equipment, Inc.",Usx Corp - Gary Works,Gary,IN,46402,"17,000.00",1PS111278,GOING ON RENT USS GARY,1,"8,500.00",,,,,,,
399,0.997,"H&K Equipment, Inc.",USX Corporation,West Mifflin,PA,15122,"7,500.00",1PS114071,Wheel Loader,1,"7,500.00",,,,,,,
400,0.992,"H&K Equipment, Inc.",United States Steel Corp.,West Mifflin,PA,15122,"1,350.00",1PS126201,I.C. 8K Pneu Die,1,"1,350.00",,,,,,,
401,0.987,"H&K Equipment, Inc.",USX Corp. - ET Works,Braddock,PA,15104,"9,455.00",1PS110958,Open Top Hopper Car,1,877.96,,,,,,,
402,0.987,"H&K Equipment, Inc.",USX Corp. - ET Works,Braddock,PA,15104,"9,455.00",1PS110958,Open Top Hopper Car,1,877.96,,,,,,,
403,0.987,"H&K Equipment, Inc.",USX Corp. - ET Works,Braddock,PA,15104,"9,455.00",1PS110958,Open Top Hopper Car,1,877.96,,,,,,,
404,0.987,"H&K Equipment, Inc.",USX Corp. - ET Works,Braddock,PA,15104,"9,455.00",1PS110958,Open Top Hopper Car,1,877.96,,,,,,,
405,0.987,"H&K Equipment, Inc.",USX Corp. - ET Works,Braddock,PA,15104,"9,455.00",1PS110958,Open Top Hopper Car,1,877.96,,,,,,,
406,0.987,"H&K Equipment, Inc.",USX Corp. - ET Works,Braddock,PA,15104,"9,455.00",1PS110958,Open Top Hopper Car,1,877.96,,,,,,,
407,0.987,"H&K Equipment, Inc.",USX Corp. - ET Works,Braddock,PA,15104,"9,455.00",1PS110958,Open Top Hopper Car,1,877.96,,,,,,,
408,0.987,"H&K Equipment, Inc.",USX Corp. - ET Works,Braddock,PA,15104,"9,455.00",1PS110958,Open Top Hopper Car,1,"1,103.09",,,,,,,
409,0.987,"H&K Equipment, Inc.",USX Corp. - ET Works,Braddock,PA,15104,"9,455.00",1PS110958,Open Top Hopper Car,1,"1,103.09",,,,,,,
410,0.987,"H&K Equipment, Inc.",USX Corp. - ET Works,Braddock,PA,15104,"9,455.00",1PS110958,Open Top Hopper Car,1,"1,103.10",,,,,,,
411,0.987,"H&K Equipment, Inc.",USX Corporation,West Mifflin,PA,15122,"5,500.00",1PS118783,Tow Tractor SN: 38674,1,"5,500.00",,,,,,,
412,0.992,"H&K Equipment, Inc.",United States Steel Corp.,West Mifflin,PA,15122,"1,113.20",1PS107984,Payloader Burden Carrier Long,1,"1,113.20",,,,,,,
413,0.987,"H&K Equipment, Inc.",USX Corp. - ET Works,Braddock,PA,15104,"9,455.00",1PS117936,Open Top Hopper Car,1,877.96,,,,,,,
414,0.987,"H&K Equipment, Inc.",USX Corp. - ET Works,Braddock,PA,15104,"9,455.00",1PS117936,Open Top Hopper Car,1,877.96,,,,,,,
415,0.987,"H&K Equipment, Inc.",USX Corp. - ET Works,Braddock,PA,15104,"9,455.00",1PS117936,Open Top Hopper Car,1,877.96,,,,,,,
416,0.987,"H&K Equipment, Inc.",USX Corp. - ET Works,Braddock,PA,15104,"9,455.00",1PS117936,Open Top Hopper Car,1,877.96,,,,,,,
417,0.987,"H&K Equipment, Inc.",USX Corp. - ET Works,Braddock,PA,15104,"9,455.00",1PS117936,Open Top Hopper Car,1,877.96,,,,,,,
418,0.987,"H&K Equipment, Inc.",USX Corp. - ET Works,Braddock,PA,15104,"9,455.00",1PS117936,Open Top Hopper Car,1,877.96,,,,,,,
419,0.987,"H&K Equipment, Inc.",USX Corp. - ET Works,Braddock,PA,15104,"9,455.00",1PS117936,Open Top Hopper Car,1,877.96,,,,,,,
420,0.987,"H&K Equipment, Inc.",USX Corp. - ET Works,Braddock,PA,15104,"9,455.00",1PS117936,Open Top Hopper Car,1,"1,103.09",,,,,,,
421,0.987,"H&K Equipment, Inc.",USX Corp. - ET Works,Braddock,PA,15104,"9,455.00",1PS117936,Open Top Hopper Car,1,"1,103.09",,,,,,,
422,0.987,"H&K Equipment, Inc.",USX Corp. - ET Works,Braddock,PA,15104,"9,455.00",1PS117936,Open Top Hopper Car,1,"1,103.10",,,,,,,
423,0.997,"H&K Equipment, Inc.",USX Corporation ET works,Braddock,PA,15104,"7,540.00",1PS118057,Telehandler,1,"7,540.00",,,,,,,
424,,"H&K Equipment, Inc.",USX Corporation ET works,Braddock,PA,15105,"7,540.00",1PS112185,Telehandler,1,"7,540.00",,,,,,,
425,,"H&K Equipment, Inc.",USX Corporation ET works,Braddock,PA,15106,"9,455.00",1PS112108,Open Top Hopper Car,1,877.96,,,,,,,
426,,"H&K Equipment, Inc.",USX Corporation ET works,Braddock,PA,15106,"9,455.00",1PS112108,Open Top Hopper Car,1,877.96,,,,,,,
427,,"H&K Equipment, Inc.",USX Corporation ET works,Braddock,PA,15106,"9,455.00",1PS112108,Open Top Hopper Car,1,877.96,,,,,,,
428,,"H&K Equipment, Inc.",USX Corporation ET works,Braddock,PA,15106,"9,455.00",1PS112108,Open Top Hopper Car,1,877.96,,,,,,,
429,,"H&K Equipment, Inc.",USX Corporation ET works,Braddock,PA,15106,"9,455.00",1PS112108,Open Top Hopper Car,1,877.96,,,,,,,
430,,"H&K Equipment, Inc.",USX Corporation ET works,Braddock,PA,15106,"9,455.00",1PS112108,Open Top Hopper Car,1,877.96,,,,,,,
431,,"H&K Equipment, Inc.",USX Corporation ET works,Braddock,PA,15106,"9,455.00",1PS112108,Open Top Hopper Car,1,877.96,,,,,,,
432,,"H&K Equipment, Inc.",USX Corporation ET works,Braddock,PA,15106,"9,455.00",1PS112108,Open Top Hopper Car,1,"1,103.09",,,,,,,
433,,"H&K Equipment, Inc.",USX Corporation ET works,Braddock,PA,15106,"9,455.00",1PS112108,Open Top Hopper Car,1,"1,103.09",,,,,,,
434,,"H&K Equipment, Inc.",USX Corporation ET works,Braddock,PA,15106,"9,455.00",1PS112108,Open Top Hopper Car,1,"1,103.10",,,,,,,